{
  "success": true,
  "features_created": 9,
  "decay_parameters": {
    "5": {
      "lambda": 0.3,
      "lookback_days": 10
    },
    "30": {
      "lambda": 0.1,
      "lookback_days": 30
    },
    "90": {
      "lambda": 0.05,
      "lookback_days": 60
    }
  },
  "validation_results": {
    "correlations": {
      "5": {
        "correlation": -0.9999999999999999,
        "p_value": 0.0,
        "sample_size": 220
      },
      "30": {
        "correlation": -1.0,
        "p_value": 0.0,
        "sample_size": 619
      },
      "90": {
        "correlation": -0.9999999999999999,
        "p_value": 0.0,
        "sample_size": 1189
      }
    },
    "decay_curves": {
      "5": {
        "theoretical": "[1.         0.74081822 0.54881164 0.40656966 0.30119421 0.22313016\n 0.16529889 0.12245643 0.09071795 0.06720551]",
        "ages": "[0 1 2 3 4 5 6 7 8 9]",
        "lambda": 0.3
      },
      "30": {
        "theoretical": "[1.         0.90483742 0.81873075 0.74081822 0.67032005 0.60653066\n 0.54881164 0.4965853  0.44932896 0.40656966 0.36787944 0.33287108\n 0.30119421 0.27253179 0.24659696 0.22313016 0.20189652 0.18268352\n 0.16529889 0.14956862 0.13533528 0.12245643 0.11080316 0.10025884\n 0.09071795 0.082085   0.07427358 0.06720551 0.06081006 0.05502322]",
        "ages": "[ 0  1  2  3  4  5  6  7  8  9 10 11 12 13 14 15 16 17 18 19 20 21 22 23\n 24 25 26 27 28 29]",
        "lambda": 0.1
      },
      "90": {
        "theoretical": "[1.         0.95122942 0.90483742 0.86070798 0.81873075 0.77880078\n 0.74081822 0.70468809 0.67032005 0.63762815 0.60653066 0.57694981\n 0.54881164 0.52204578 0.4965853  0.47236655 0.44932896 0.42741493\n 0.40656966 0.38674102 0.36787944 0.34993775 0.33287108 0.31663677\n 0.30119421 0.2865048  0.27253179 0.25924026 0.24659696 0.23457029\n 0.22313016 0.21224797 0.20189652 0.19204991 0.18268352 0.17377394\n 0.16529889 0.15723717 0.14956862 0.14227407 0.13533528 0.1287349\n 0.12245643 0.11648416 0.11080316 0.10539922 0.10025884 0.09536916\n 0.09071795 0.08629359 0.082085   0.07808167 0.07427358 0.07065121\n 0.06720551 0.06392786 0.06081006 0.05784432 0.05502322 0.05233971]",
        "ages": "[ 0  1  2  3  4  5  6  7  8  9 10 11 12 13 14 15 16 17 18 19 20 21 22 23\n 24 25 26 27 28 29 30 31 32 33 34 35 36 37 38 39 40 41 42 43 44 45 46 47\n 48 49 50 51 52 53 54 55 56 57 58 59]",
        "lambda": 0.05
      }
    },
    "statistical_tests": {
      "monotonic_decay": true
    }
  },
  "processing_time_seconds": 0.11267,
  "symbols_processed": 0
}